case_id,activity,tool_name,timestamp,sequence,tool_input,tool_output,status,event_id
TICKET-001,Ticket Incoming,case_start,2024-01-01 00:00:00,0,"{""ticket"": ""I can't log into my account. I tried resetting my password but didn't receive the email.""}",Case started,success,TICKET-001_0
TICKET-001,Classify Ticket,classify_ticket,2024-01-01 00:01:00,1,"{""ticket_text"": ""I can't log into my account. I tried resetting my password but didn't receive the email.""}","{""category"": ""account"", ""confidence"": 0.7247189585572803, ""urgency"": ""normal"", ""requires_account_check"": true}",success,TICKET-001_1
TICKET-001,Check Account Status,check_account_status,2024-01-01 00:02:00,2,"{""customer_id"": ""alice@example.com""}","{""customer_id"": ""alice@example.com"", ""status"": ""active"", ""tier"": ""premium"", ""account_age_days"": 172, ""has_payment_method"": false, ""outstanding_balance"": 78.80422338225478, ""flags"": ""Account verification needed""}",success,TICKET-001_2
TICKET-001,Search Knowledge Base,search_knowledge_base,2024-01-01 00:03:00,3,"{""category"": ""account"", ""query"": ""can't log in, password reset email not received""}","{""found"": true, ""results"": [{""article"": ""Password reset links are valid for 24 hours"", ""relevance"": 0.6072656924889361}, {""article"": ""To change your email, verify both old and new addresses"", ""relevance"": 0.3975615875217439}], ""total_found"": 2}",success,TICKET-001_3
TICKET-001,Generate Response,generate_response,2024-01-01 00:04:00,4,"{""message"": ""Hi Alice,\n\nI see you're having trouble logging into your account and didn't receive the password reset email you requested. \n\nI checked your account and noticed it needs verification and has an outstanding balance of $78.80. It's possible the verification issue is preventing the password reset emails from being sent.\n\nTo resolve this, please log into your account settings page and complete the account verification steps. You'll also need to pay the outstanding balance. Once that's done, try requesting a new password reset. The email should come through and the link will be valid for 24 hours.\n\nIf you have any other questions, please let me know. I'm happy to help further.\n\nBest regards,\nCustomer Support""}","{""message"": ""Hi Alice,\n\nI see you're having trouble logging into your account and didn't receive the password reset email you requested. \n\nI checked your account and noticed it needs verification and has an outstanding balance of $78.80. It's possible the verification issue is preventing the password reset emails from being sent.\n\nTo resolve this, please log into your account settings page and complete the account verification steps. You'll also need to pay the outstanding balance. Once that's done, try requesting a new password reset. The email should come through and the link will be valid for 24 hours.\n\nIf you have any other questions, please let me know. I'm happy to help further.\n\nBest regards,\nCustomer Support"", ""sent"": true, ""sent_at"": ""2024-11-25T12:00:00"", ""channel"": ""email""}",success,TICKET-001_4
TICKET-001,Ticket Closed,case_end,2024-01-01 00:05:00,5,"{""outcome"": ""generate_response""}",generate_response,success,TICKET-001_5
TICKET-002,Ticket Incoming,case_start,2024-01-01 00:00:00,0,"{""ticket"": ""I was charged twice for my subscription this month. Can I get a refund?""}",Case started,success,TICKET-002_0
TICKET-002,Classify Ticket,classify_ticket,2024-01-01 00:01:00,1,"{""ticket_text"": ""I was charged twice for my subscription this month. Can I get a refund?""}","{""category"": ""billing"", ""confidence"": 0.8474274532587692, ""urgency"": ""normal"", ""requires_account_check"": true}",success,TICKET-002_1
TICKET-002,Check Account Status,check_account_status,2024-01-01 00:02:00,2,"{""customer_id"": ""bob@example.com""}","{""customer_id"": ""bob@example.com"", ""status"": ""active"", ""tier"": ""basic"", ""account_age_days"": 599, ""has_payment_method"": true, ""outstanding_balance"": 0, ""flags"": ""Subscription renewal pending"", ""note"": ""Some account details may require additional verification""}",success,TICKET-002_2
TICKET-002,Search Knowledge Base,search_knowledge_base,2024-01-01 00:03:00,3,"{""category"": ""billing"", ""query"": ""refund for double charge""}","{""found"": true, ""results"": [{""article"": ""Refunds are processed within 5-7 business days"", ""relevance"": 0.5215311316068318}, {""article"": ""To update payment method, go to Account > Billing > Update Payment Method"", ""relevance"": 0.3027915750516668}], ""total_found"": 2, ""note"": ""Additional relevant articles may exist in other categories""}",success,TICKET-002_3
TICKET-002,Generate Response,generate_response,2024-01-01 00:04:00,4,"{""message"": ""Hi Bob, \n\nI'm sorry to hear you were double charged for your subscription this month. I've looked into your account, and it does appear a subscription renewal charge is pending, which may have caused the double charge.\n\nHere is what I can do to help:\n- I will contact our billing team to have them investigate the duplicate charge and process a refund. Refunds typically take 5-7 business days to post back to your original payment method.\n- To prevent this from happening in the future, please make sure your payment method on file is up to date. You can update it anytime by going to Account > Billing > Update Payment Method in your account settings.\n\nI apologize for any inconvenience this has caused. We will get this resolved for you as quickly as possible. Please let me know if you have any other questions!\n\nBest regards,\nCustomer Support"", ""include_knowledge_base_links"": true}","{""message"": ""Hi Bob, \n\nI'm sorry to hear you were double charged for your subscription this month. I've looked into your account, and it does appear a subscription renewal charge is pending, which may have caused the double charge.\n\nHere is what I can do to help:\n- I will contact our billing team to have them investigate the duplicate charge and process a refund. Refunds typically take 5-7 business days to post back to your original payment method.\n- To prevent this from happening in the future, please make sure your payment method on file is up to date. You can update it anytime by going to Account > Billing > Update Payment Method in your account settings.\n\nI apologize for any inconvenience this has caused. We will get this resolved for you as quickly as possible. Please let me know if you have any other questions!\n\nBest regards,\nCustomer Support"", ""sent"": true, ""sent_at"": ""2024-11-25T12:00:00"", ""channel"": ""email"", ""kb_links"": [""https://help.example.com/article/123"", ""https://help.example.com/article/456""]}",success,TICKET-002_4
TICKET-002,Ticket Closed,case_end,2024-01-01 00:05:00,5,"{""outcome"": ""generate_response""}",generate_response,success,TICKET-002_5
TICKET-003,Ticket Incoming,case_start,2024-01-01 00:00:00,0,"{""ticket"": ""The app crashes every time I try to upload a file. This is very urgent!""}",Case started,success,TICKET-003_0
TICKET-003,Classify Ticket,classify_ticket,2024-01-01 00:01:00,1,"{""ticket_text"": ""The app crashes every time I try to upload a file. This is very urgent!""}","{""category"": ""technical"", ""confidence"": 0.7186221280281456, ""urgency"": ""high"", ""requires_account_check"": false, ""possible_secondary_category"": ""account"", ""note"": ""Classification uncertain - may need additional context""}",success,TICKET-003_1
TICKET-003,Check Account Status,check_account_status,2024-01-01 00:02:00,2,"{""customer_id"": ""carol@example.com""}","{""customer_id"": ""carol@example.com"", ""status"": ""active"", ""tier"": ""enterprise"", ""account_age_days"": 687, ""has_payment_method"": false, ""outstanding_balance"": 0}",success,TICKET-003_2
TICKET-003,Search Knowledge Base,search_knowledge_base,2024-01-01 00:03:00,3,"{""query"": ""app crashes when uploading files"", ""category"": ""technical""}","{""found"": true, ""results"": [{""article"": ""Ensure you're using the latest version of the app"", ""relevance"": 0.45943490849684837}], ""total_found"": 2, ""note"": ""Additional relevant articles may exist in other categories""}",success,TICKET-003_3
TICKET-003,Escalate to Human,escalate_to_human,2024-01-01 00:04:00,4,"{""reason"": ""App crashing when customer tries to upload files, unable to find a solution in knowledge base. Customer states issue is very urgent."", ""priority"": ""urgent""}","{""escalated"": true, ""reason"": ""App crashing when customer tries to upload files, unable to find a solution in knowledge base. Customer states issue is very urgent."", ""priority"": ""urgent"", ""assigned_to"": ""agent_9"", ""estimated_response_time"": ""2-4 hours""}",success,TICKET-003_4
TICKET-003,Ticket Closed,case_end,2024-01-01 00:05:00,5,"{""outcome"": ""escalate_to_human""}",escalate_to_human,success,TICKET-003_5
TICKET-004,Ticket Incoming,case_start,2024-01-01 00:10:00,0,"{""ticket"": ""How do I cancel my subscription? I'm moving to a different service.""}",Case started,success,TICKET-004_0
TICKET-004,Classify Ticket,classify_ticket,2024-01-01 00:11:00,1,"{""ticket_text"": ""How do I cancel my subscription? I'm moving to a different service.""}","{""category"": ""billing"", ""confidence"": 0.9123456789012345, ""urgency"": ""normal"", ""requires_account_check"": true}",success,TICKET-004_1
TICKET-004,Check Account Status,check_account_status,2024-01-01 00:12:00,2,"{""customer_id"": ""david@example.com""}","{""customer_id"": ""david@example.com"", ""status"": ""active"", ""tier"": ""premium"", ""account_age_days"": 423, ""has_payment_method"": true, ""outstanding_balance"": 0, ""flags"": ""No flags""}",success,TICKET-004_2
TICKET-004,Search Knowledge Base,search_knowledge_base,2024-01-01 00:13:00,3,"{""category"": ""billing"", ""query"": ""cancel subscription""}","{""found"": true, ""results"": [{""article"": ""To cancel your subscription, go to Account > Subscription > Cancel"", ""relevance"": 0.8912345678901234}, {""article"": ""Cancellations take effect at the end of your billing cycle"", ""relevance"": 0.7823456789012345}], ""total_found"": 2}",success,TICKET-004_3
TICKET-004,Generate Response,generate_response,2024-01-01 00:14:00,4,"{""message"": ""Hi David,\n\nThank you for reaching out. I understand you'd like to cancel your subscription.\n\nTo cancel, please follow these steps:\n1. Log into your account\n2. Go to Account > Subscription > Cancel\n3. Follow the prompts to confirm cancellation\n\nYour cancellation will take effect at the end of your current billing cycle, so you'll continue to have access until then. You won't be charged for any future billing periods.\n\nWe're sorry to see you go! If there's anything we could have done better, we'd appreciate your feedback.\n\nBest regards,\nCustomer Support""}","{""message"": ""Hi David,\n\nThank you for reaching out. I understand you'd like to cancel your subscription.\n\nTo cancel, please follow these steps:\n1. Log into your account\n2. Go to Account > Subscription > Cancel\n3. Follow the prompts to confirm cancellation\n\nYour cancellation will take effect at the end of your current billing cycle, so you'll continue to have access until then. You won't be charged for any future billing periods.\n\nWe're sorry to see you go! If there's anything we could have done better, we'd appreciate your feedback.\n\nBest regards,\nCustomer Support"", ""sent"": true, ""sent_at"": ""2024-11-25T12:15:00"", ""channel"": ""email""}",success,TICKET-004_4
TICKET-004,Ticket Closed,case_end,2024-01-01 00:15:00,5,"{""outcome"": ""generate_response""}",generate_response,success,TICKET-004_5
TICKET-005,Ticket Incoming,case_start,2024-01-01 00:20:00,0,"{""ticket"": ""I ordered a widget 2 weeks ago and it still hasn't arrived. Order #12345""}",Case started,success,TICKET-005_0
TICKET-005,Classify Ticket,classify_ticket,2024-01-01 00:21:00,1,"{""ticket_text"": ""I ordered a widget 2 weeks ago and it still hasn't arrived. Order #12345""}","{""category"": ""shipping"", ""confidence"": 0.8734567890123456, ""urgency"": ""normal"", ""requires_account_check"": true}",success,TICKET-005_1
TICKET-005,Check Account Status,check_account_status,2024-01-01 00:22:00,2,"{""customer_id"": ""emma@example.com""}","{""customer_id"": ""emma@example.com"", ""status"": ""active"", ""tier"": ""basic"", ""account_age_days"": 89, ""has_payment_method"": true, ""outstanding_balance"": 0, ""flags"": ""No flags""}",success,TICKET-005_2
TICKET-005,Search Knowledge Base,search_knowledge_base,2024-01-01 00:23:00,3,"{""category"": ""shipping"", ""query"": ""order not arrived delayed shipment""}","{""found"": true, ""results"": [{""article"": ""Standard shipping takes 5-10 business days"", ""relevance"": 0.6745678901234567}, {""article"": ""Track your order using the tracking number in your confirmation email"", ""relevance"": 0.5912345678901234}], ""total_found"": 2}",success,TICKET-005_3
TICKET-005,Check Order Status,check_order_status,2024-01-01 00:24:00,4,"{""order_id"": ""12345"", ""customer_id"": ""emma@example.com""}","{""order_id"": ""12345"", ""status"": ""shipped"", ""tracking_number"": ""1Z999AA10123456784"", ""estimated_delivery"": ""2024-01-03"", ""carrier"": ""UPS"", ""days_since_order"": 14, ""is_delayed"": true}",success,TICKET-005_4
TICKET-005,Generate Response,generate_response,2024-01-01 00:25:00,5,"{""message"": ""Hi Emma,\n\nThank you for contacting us about your order #12345. I apologize for the delay in receiving your widget.\n\nI've checked the status of your order, and it shows that it was shipped via UPS with tracking number 1Z999AA10123456784. The estimated delivery date was January 3rd, which has passed. This indicates your package may be delayed.\n\nHere's what I recommend:\n1. Check the tracking status at ups.com using your tracking number to see the latest updates\n2. If the tracking shows the package is lost or significantly delayed, please let me know and I'll arrange for a replacement to be shipped immediately\n\nI apologize for this inconvenience. We'll make sure you receive your order as soon as possible.\n\nBest regards,\nCustomer Support""}","{""message"": ""Hi Emma,\n\nThank you for contacting us about your order #12345. I apologize for the delay in receiving your widget.\n\nI've checked the status of your order, and it shows that it was shipped via UPS with tracking number 1Z999AA10123456784. The estimated delivery date was January 3rd, which has passed. This indicates your package may be delayed.\n\nHere's what I recommend:\n1. Check the tracking status at ups.com using your tracking number to see the latest updates\n2. If the tracking shows the package is lost or significantly delayed, please let me know and I'll arrange for a replacement to be shipped immediately\n\nI apologize for this inconvenience. We'll make sure you receive your order as soon as possible.\n\nBest regards,\nCustomer Support"", ""sent"": true, ""sent_at"": ""2024-11-25T12:25:00"", ""channel"": ""email""}",success,TICKET-005_5
TICKET-005,Ticket Closed,case_end,2024-01-01 00:26:00,6,"{""outcome"": ""generate_response""}",generate_response,success,TICKET-005_6
TICKET-006,Ticket Incoming,case_start,2024-01-01 00:30:00,0,"{""ticket"": ""What's the difference between the Pro and Enterprise plans?""}",Case started,success,TICKET-006_0
TICKET-006,Classify Ticket,classify_ticket,2024-01-01 00:31:00,1,"{""ticket_text"": ""What's the difference between the Pro and Enterprise plans?""}","{""category"": ""product_inquiry"", ""confidence"": 0.9456789012345678, ""urgency"": ""low"", ""requires_account_check"": false}",success,TICKET-006_1
TICKET-006,Search Knowledge Base,search_knowledge_base,2024-01-01 00:32:00,2,"{""category"": ""product_inquiry"", ""query"": ""Pro vs Enterprise plan differences features""}","{""found"": true, ""results"": [{""article"": ""Pro plan includes up to 10 users and 100GB storage"", ""relevance"": 0.8123456789012345}, {""article"": ""Enterprise plan offers unlimited users, 1TB storage, and priority support"", ""relevance"": 0.7934567890123456}, {""article"": ""Compare all plans on our pricing page"", ""relevance"": 0.6745678901234567}], ""total_found"": 3}",success,TICKET-006_2
TICKET-006,Generate Response,generate_response,2024-01-01 00:33:00,3,"{""message"": ""Hi there,\n\nGreat question! Here are the key differences between our Pro and Enterprise plans:\n\n**Pro Plan:**\n- Up to 10 users\n- 100GB storage\n- Standard support (24-48 hour response time)\n- All core features included\n\n**Enterprise Plan:**\n- Unlimited users\n- 1TB storage\n- Priority support (2-4 hour response time)\n- Advanced security features\n- Dedicated account manager\n- Custom integrations available\n\nYou can view a detailed comparison of all our plans on our pricing page. If you'd like help determining which plan is best for your needs, I'd be happy to discuss your specific requirements.\n\nLet me know if you have any other questions!\n\nBest regards,\nCustomer Support""}","{""message"": ""Hi there,\n\nGreat question! Here are the key differences between our Pro and Enterprise plans:\n\n**Pro Plan:**\n- Up to 10 users\n- 100GB storage\n- Standard support (24-48 hour response time)\n- All core features included\n\n**Enterprise Plan:**\n- Unlimited users\n- 1TB storage\n- Priority support (2-4 hour response time)\n- Advanced security features\n- Dedicated account manager\n- Custom integrations available\n\nYou can view a detailed comparison of all our plans on our pricing page. If you'd like help determining which plan is best for your needs, I'd be happy to discuss your specific requirements.\n\nLet me know if you have any other questions!\n\nBest regards,\nCustomer Support"", ""sent"": true, ""sent_at"": ""2024-11-25T12:33:00"", ""channel"": ""email""}",success,TICKET-006_3
TICKET-006,Ticket Closed,case_end,2024-01-01 00:34:00,4,"{""outcome"": ""generate_response""}",generate_response,success,TICKET-006_4
TICKET-007,Ticket Incoming,case_start,2024-01-01 00:40:00,0,"{""ticket"": ""My account was hacked! Someone changed my email and I can't access anything. Please help ASAP!""}",Case started,success,TICKET-007_0
TICKET-007,Classify Ticket,classify_ticket,2024-01-01 00:41:00,1,"{""ticket_text"": ""My account was hacked! Someone changed my email and I can't access anything. Please help ASAP!""}","{""category"": ""security"", ""confidence"": 0.9567890123456789, ""urgency"": ""urgent"", ""requires_account_check"": true}",success,TICKET-007_1
TICKET-007,Check Account Status,check_account_status,2024-01-01 00:42:00,2,"{""customer_id"": ""frank@example.com""}","{""customer_id"": ""frank@example.com"", ""status"": ""locked"", ""tier"": ""premium"", ""account_age_days"": 512, ""has_payment_method"": true, ""outstanding_balance"": 0, ""flags"": ""Suspicious activity detected - account locked"", ""last_login"": ""2024-01-01 00:30:00"", ""email_change_requested"": true}",success,TICKET-007_2
TICKET-007,Search Knowledge Base,search_knowledge_base,2024-01-01 00:43:00,3,"{""category"": ""security"", ""query"": ""account hacked compromised unauthorized access""}","{""found"": true, ""results"": [{""article"": ""If your account is compromised, contact support immediately"", ""relevance"": 0.8823456789012345}, {""article"": ""Enable two-factor authentication for enhanced security"", ""relevance"": 0.6734567890123456}], ""total_found"": 2}",success,TICKET-007_3
TICKET-007,Escalate to Human,escalate_to_human,2024-01-01 00:44:00,4,"{""reason"": ""Potential security breach - customer reports account hacked with unauthorized email change. Account shows suspicious activity and has been auto-locked. Requires immediate investigation and identity verification."", ""priority"": ""critical""}","{""escalated"": true, ""reason"": ""Potential security breach - customer reports account hacked with unauthorized email change. Account shows suspicious activity and has been auto-locked. Requires immediate investigation and identity verification."", ""priority"": ""critical"", ""assigned_to"": ""security_team_lead"", ""estimated_response_time"": ""30 minutes""}",success,TICKET-007_4
TICKET-007,Ticket Closed,case_end,2024-01-01 00:45:00,5,"{""outcome"": ""escalate_to_human""}",escalate_to_human,success,TICKET-007_5
TICKET-008,Ticket Incoming,case_start,2024-01-01 00:50:00,0,"{""ticket"": ""I need a receipt for my last payment for tax purposes.""}",Case started,success,TICKET-008_0
TICKET-008,Classify Ticket,classify_ticket,2024-01-01 00:51:00,1,"{""ticket_text"": ""I need a receipt for my last payment for tax purposes.""}","{""category"": ""billing"", ""confidence"": 0.8845678901234567, ""urgency"": ""low"", ""requires_account_check"": true}",success,TICKET-008_1
TICKET-008,Check Account Status,check_account_status,2024-01-01 00:52:00,2,"{""customer_id"": ""grace@example.com""}","{""customer_id"": ""grace@example.com"", ""status"": ""active"", ""tier"": ""enterprise"", ""account_age_days"": 1024, ""has_payment_method"": true, ""outstanding_balance"": 0, ""flags"": ""No flags""}",success,TICKET-008_2
TICKET-008,Search Knowledge Base,search_knowledge_base,2024-01-01 00:53:00,3,"{""category"": ""billing"", ""query"": ""receipt invoice download""}","{""found"": true, ""results"": [{""article"": ""Download receipts from Account > Billing > Payment History"", ""relevance"": 0.9123456789012345}, {""article"": ""Receipts are automatically emailed after each payment"", ""relevance"": 0.7234567890123456}], ""total_found"": 2}",success,TICKET-008_3
TICKET-008,Generate Response,generate_response,2024-01-01 00:54:00,4,"{""message"": ""Hi Grace,\n\nI'd be happy to help you get a receipt for your last payment.\n\nYou can download your receipt by following these steps:\n1. Log into your account\n2. Go to Account > Billing > Payment History\n3. Find your most recent payment\n4. Click the 'Download Receipt' button\n\nAlternatively, a receipt should have been automatically emailed to you at grace@example.com after your payment was processed. Please check your inbox and spam folder.\n\nIf you need receipts for multiple payments or have any trouble accessing them, please let me know and I'll be happy to send them directly to you.\n\nBest regards,\nCustomer Support""}","{""message"": ""Hi Grace,\n\nI'd be happy to help you get a receipt for your last payment.\n\nYou can download your receipt by following these steps:\n1. Log into your account\n2. Go to Account > Billing > Payment History\n3. Find your most recent payment\n4. Click the 'Download Receipt' button\n\nAlternatively, a receipt should have been automatically emailed to you at grace@example.com after your payment was processed. Please check your inbox and spam folder.\n\nIf you need receipts for multiple payments or have any trouble accessing them, please let me know and I'll be happy to send them directly to you.\n\nBest regards,\nCustomer Support"", ""sent"": true, ""sent_at"": ""2024-11-25T12:54:00"", ""channel"": ""email""}",success,TICKET-008_4
TICKET-008,Ticket Closed,case_end,2024-01-01 00:55:00,5,"{""outcome"": ""generate_response""}",generate_response,success,TICKET-008_5
TICKET-009,Ticket Incoming,case_start,2024-01-01 01:00:00,0,"{""ticket"": ""The mobile app is running very slow and freezing constantly. Makes it unusable.""}",Case started,success,TICKET-009_0
TICKET-009,Classify Ticket,classify_ticket,2024-01-01 01:01:00,1,"{""ticket_text"": ""The mobile app is running very slow and freezing constantly. Makes it unusable.""}","{""category"": ""technical"", ""confidence"": 0.8934567890123456, ""urgency"": ""normal"", ""requires_account_check"": false}",success,TICKET-009_1
TICKET-009,Check Account Status,check_account_status,2024-01-01 01:02:00,2,"{""customer_id"": ""henry@example.com""}","{""customer_id"": ""henry@example.com"", ""status"": ""active"", ""tier"": ""basic"", ""account_age_days"": 234, ""has_payment_method"": true, ""outstanding_balance"": 0, ""flags"": ""No flags""}",success,TICKET-009_2
TICKET-009,Search Knowledge Base,search_knowledge_base,2024-01-01 01:03:00,3,"{""category"": ""technical"", ""query"": ""mobile app slow freezing performance""}","{""found"": true, ""results"": [{""article"": ""Ensure you're using the latest version of the app"", ""relevance"": 0.7845678901234567}, {""article"": ""Clear app cache to improve performance: Settings > Apps > [App Name] > Clear Cache"", ""relevance"": 0.7123456789012345}, {""article"": ""Restart your device if the app is running slowly"", ""relevance"": 0.6534567890123456}], ""total_found"": 3}",success,TICKET-009_3
TICKET-009,Generate Response,generate_response,2024-01-01 01:04:00,4,"{""message"": ""Hi Henry,\n\nI'm sorry to hear you're experiencing performance issues with our mobile app. Let's try a few troubleshooting steps that often resolve these issues:\n\n1. **Update the app**: Make sure you're using the latest version from the App Store or Google Play Store\n2. **Clear the app cache**: Go to Settings > Apps > [App Name] > Clear Cache (this won't delete your data)\n3. **Restart your device**: A simple restart can often improve app performance\n4. **Check your storage**: Low device storage can cause apps to run slowly. Ensure you have at least 1GB of free space\n5. **Reinstall the app**: If the above steps don't help, try uninstalling and reinstalling the app\n\nPlease try these steps and let me know if the performance improves. If you're still experiencing issues after trying these solutions, please provide me with:\n- Your device model and OS version\n- The app version you're using\n- When the issue started\n\nThis will help us investigate further.\n\nBest regards,\nCustomer Support""}","{""message"": ""Hi Henry,\n\nI'm sorry to hear you're experiencing performance issues with our mobile app. Let's try a few troubleshooting steps that often resolve these issues:\n\n1. **Update the app**: Make sure you're using the latest version from the App Store or Google Play Store\n2. **Clear the app cache**: Go to Settings > Apps > [App Name] > Clear Cache (this won't delete your data)\n3. **Restart your device**: A simple restart can often improve app performance\n4. **Check your storage**: Low device storage can cause apps to run slowly. Ensure you have at least 1GB of free space\n5. **Reinstall the app**: If the above steps don't help, try uninstalling and reinstalling the app\n\nPlease try these steps and let me know if the performance improves. If you're still experiencing issues after trying these solutions, please provide me with:\n- Your device model and OS version\n- The app version you're using\n- When the issue started\n\nThis will help us investigate further.\n\nBest regards,\nCustomer Support"", ""sent"": true, ""sent_at"": ""2024-11-25T13:04:00"", ""channel"": ""email""}",success,TICKET-009_4
TICKET-009,Ticket Closed,case_end,2024-01-01 01:05:00,5,"{""outcome"": ""generate_response""}",generate_response,success,TICKET-009_5
TICKET-010,Ticket Incoming,case_start,2024-01-01 01:10:00,0,"{""ticket"": ""Can I upgrade my plan mid-cycle? Will I get charged the full amount?""}",Case started,success,TICKET-010_0
TICKET-010,Classify Ticket,classify_ticket,2024-01-01 01:11:00,1,"{""ticket_text"": ""Can I upgrade my plan mid-cycle? Will I get charged the full amount?""}","{""category"": ""billing"", ""confidence"": 0.8656789012345678, ""urgency"": ""normal"", ""requires_account_check"": true}",success,TICKET-010_1
TICKET-010,Check Account Status,check_account_status,2024-01-01 01:12:00,2,"{""customer_id"": ""iris@example.com""}","{""customer_id"": ""iris@example.com"", ""status"": ""active"", ""tier"": ""basic"", ""account_age_days"": 45, ""has_payment_method"": true, ""outstanding_balance"": 0, ""flags"": ""No flags"", ""current_cycle_end"": ""2024-01-15"", ""days_remaining_in_cycle"": 14}",success,TICKET-010_2
TICKET-010,Search Knowledge Base,search_knowledge_base,2024-01-01 01:13:00,3,"{""category"": ""billing"", ""query"": ""upgrade plan mid-cycle prorated charges""}","{""found"": true, ""results"": [{""article"": ""Plan upgrades are prorated based on time remaining in your billing cycle"", ""relevance"": 0.8934567890123456}, {""article"": ""You can upgrade or downgrade your plan anytime from Account > Subscription"", ""relevance"": 0.7345678901234567}], ""total_found"": 2}",success,TICKET-010_3
TICKET-010,Generate Response,generate_response,2024-01-01 01:14:00,4,"{""message"": ""Hi Iris,\n\nGreat question! Yes, you can upgrade your plan at any time, including mid-cycle.\n\nWhen you upgrade mid-cycle, we use prorated billing:\n- You'll only be charged for the portion of the new plan corresponding to the time remaining in your current billing cycle\n- For example, if you have 14 days left in your cycle and upgrade from Basic ($10/month) to Pro ($30/month), you'd be charged approximately $9.33 for the remaining 14 days\n- Your next full billing cycle will be at the new plan's full price\n\nTo upgrade your plan:\n1. Go to Account > Subscription\n2. Select the plan you want to upgrade to\n3. Review the prorated charge\n4. Confirm the upgrade\n\nThe system will show you exactly what you'll be charged before you confirm. You'll continue to have uninterrupted service throughout the upgrade.\n\nLet me know if you have any other questions!\n\nBest regards,\nCustomer Support""}","{""message"": ""Hi Iris,\n\nGreat question! Yes, you can upgrade your plan at any time, including mid-cycle.\n\nWhen you upgrade mid-cycle, we use prorated billing:\n- You'll only be charged for the portion of the new plan corresponding to the time remaining in your current billing cycle\n- For example, if you have 14 days left in your cycle and upgrade from Basic ($10/month) to Pro ($30/month), you'd be charged approximately $9.33 for the remaining 14 days\n- Your next full billing cycle will be at the new plan's full price\n\nTo upgrade your plan:\n1. Go to Account > Subscription\n2. Select the plan you want to upgrade to\n3. Review the prorated charge\n4. Confirm the upgrade\n\nThe system will show you exactly what you'll be charged before you confirm. You'll continue to have uninterrupted service throughout the upgrade.\n\nLet me know if you have any other questions!\n\nBest regards,\nCustomer Support"", ""sent"": true, ""sent_at"": ""2024-11-25T13:14:00"", ""channel"": ""email""}",success,TICKET-010_4
TICKET-010,Ticket Closed,case_end,2024-01-01 01:15:00,5,"{""outcome"": ""generate_response""}",generate_response,success,TICKET-010_5
TICKET-011,Ticket Incoming,case_start,2024-01-01 01:20:00,0,"{""ticket"": ""I need to change the name on my account due to a legal name change. What documents do you need?""}",Case started,success,TICKET-011_0
TICKET-011,Classify Ticket,classify_ticket,2024-01-01 01:21:00,1,"{""ticket_text"": ""I need to change the name on my account due to a legal name change. What documents do you need?""}","{""category"": ""account"", ""confidence"": 0.8123456789012345, ""urgency"": ""normal"", ""requires_account_check"": true}",success,TICKET-011_1
TICKET-011,Check Account Status,check_account_status,2024-01-01 01:22:00,2,"{""customer_id"": ""jane@example.com""}","{""customer_id"": ""jane@example.com"", ""status"": ""active"", ""tier"": ""premium"", ""account_age_days"": 892, ""has_payment_method"": true, ""outstanding_balance"": 0, ""flags"": ""No flags""}",success,TICKET-011_2
TICKET-011,Search Knowledge Base,search_knowledge_base,2024-01-01 01:23:00,3,"{""category"": ""account"", ""query"": ""change name legal name change documents verification""}","{""found"": false, ""results"": [{""article"": ""Update your profile information in Account Settings"", ""relevance"": 0.3456789012345678}], ""total_found"": 1, ""note"": ""No specific articles found for legal name changes""}",success,TICKET-011_3
TICKET-011,Escalate to Human,escalate_to_human,2024-01-01 01:24:00,4,"{""reason"": ""Customer requesting legal name change on account. No knowledge base articles cover document requirements or verification process. Requires manual review and identity verification."", ""priority"": ""normal""}","{""escalated"": true, ""reason"": ""Customer requesting legal name change on account. No knowledge base articles cover document requirements or verification process. Requires manual review and identity verification."", ""priority"": ""normal"", ""assigned_to"": ""agent_3"", ""estimated_response_time"": ""4-6 hours""}",success,TICKET-011_4
TICKET-011,Ticket Closed,case_end,2024-01-01 01:25:00,5,"{""outcome"": ""escalate_to_human""}",escalate_to_human,success,TICKET-011_5
TICKET-012,Ticket Incoming,case_start,2024-01-01 01:30:00,0,"{""ticket"": ""I was charged $250 instead of my usual $25. This seems like a major billing error. I need this fixed immediately!""}",Case started,success,TICKET-012_0
TICKET-012,Classify Ticket,classify_ticket,2024-01-01 01:31:00,1,"{""ticket_text"": ""I was charged $250 instead of my usual $25. This seems like a major billing error. I need this fixed immediately!""}","{""category"": ""billing"", ""confidence"": 0.9234567890123456, ""urgency"": ""high"", ""requires_account_check"": true}",success,TICKET-012_1
TICKET-012,Check Account Status,check_account_status,2024-01-01 01:32:00,2,"{""customer_id"": ""kevin@example.com""}","{""customer_id"": ""kevin@example.com"", ""status"": ""active"", ""tier"": ""basic"", ""account_age_days"": 367, ""has_payment_method"": true, ""outstanding_balance"": 0, ""flags"": ""Recent billing anomaly detected"", ""last_charge_amount"": 250.00, ""typical_charge_amount"": 25.00}",success,TICKET-012_2
TICKET-012,Search Knowledge Base,search_knowledge_base,2024-01-01 01:33:00,3,"{""category"": ""billing"", ""query"": ""incorrect charge billing error wrong amount""}","{""found"": true, ""results"": [{""article"": ""Refunds are processed within 5-7 business days"", ""relevance"": 0.4567890123456789}, {""article"": ""Contact support if you notice an incorrect charge"", ""relevance"": 0.5234567890123456}], ""total_found"": 2, ""note"": ""No specific guidance for handling significant billing discrepancies""}",success,TICKET-012_3
TICKET-012,Escalate to Human,escalate_to_human,2024-01-01 01:34:00,4,"{""reason"": ""Significant billing discrepancy detected - customer charged $250 instead of usual $25 (10x overcharge). Account shows billing anomaly flag. Requires immediate investigation by billing team to identify error source and process refund."", ""priority"": ""urgent""}","{""escalated"": true, ""reason"": ""Significant billing discrepancy detected - customer charged $250 instead of usual $25 (10x overcharge). Account shows billing anomaly flag. Requires immediate investigation by billing team to identify error source and process refund."", ""priority"": ""urgent"", ""assigned_to"": ""billing_specialist_2"", ""estimated_response_time"": ""1-2 hours""}",success,TICKET-012_4
TICKET-012,Ticket Closed,case_end,2024-01-01 01:35:00,5,"{""outcome"": ""escalate_to_human""}",escalate_to_human,success,TICKET-012_5
TICKET-013,Ticket Incoming,case_start,2024-01-01 01:40:00,0,"{""ticket"": ""The API integration isn't working with our custom authentication system. Getting error code 403 on all requests.""}",Case started,success,TICKET-013_0
TICKET-013,Classify Ticket,classify_ticket,2024-01-01 01:41:00,1,"{""ticket_text"": ""The API integration isn't working with our custom authentication system. Getting error code 403 on all requests.""}","{""category"": ""technical"", ""confidence"": 0.8845678901234567, ""urgency"": ""high"", ""requires_account_check"": true}",success,TICKET-013_1
TICKET-013,Check Account Status,check_account_status,2024-01-01 01:42:00,2,"{""customer_id"": ""laura@example.com""}","{""customer_id"": ""laura@example.com"", ""status"": ""active"", ""tier"": ""enterprise"", ""account_age_days"": 156, ""has_payment_method"": true, ""outstanding_balance"": 0, ""flags"": ""API access enabled"", ""api_key_status"": ""active""}",success,TICKET-013_2
TICKET-013,Search Knowledge Base,search_knowledge_base,2024-01-01 01:43:00,3,"{""category"": ""technical"", ""query"": ""API 403 error authentication custom integration""}","{""found"": true, ""results"": [{""article"": ""API authentication requires a valid API key in the Authorization header"", ""relevance"": 0.6123456789012345}, {""article"": ""Common API error codes and their meanings"", ""relevance"": 0.5534567890123456}], ""total_found"": 2, ""note"": ""Limited information on custom authentication systems""}",success,TICKET-013_3
TICKET-013,Escalate to Human,escalate_to_human,2024-01-01 01:44:00,4,"{""reason"": ""Customer experiencing API integration issues with custom authentication system. Enterprise customer with active API access getting 403 errors. Knowledge base only covers standard authentication. Requires technical specialist to investigate custom implementation."", ""priority"": ""high""}","{""escalated"": true, ""reason"": ""Customer experiencing API integration issues with custom authentication system. Enterprise customer with active API access getting 403 errors. Knowledge base only covers standard authentication. Requires technical specialist to investigate custom implementation."", ""priority"": ""high"", ""assigned_to"": ""api_support_team"", ""estimated_response_time"": ""2-3 hours""}",success,TICKET-013_4
TICKET-013,Ticket Closed,case_end,2024-01-01 01:45:00,5,"{""outcome"": ""escalate_to_human""}",escalate_to_human,success,TICKET-013_5
TICKET-014,Ticket Incoming,case_start,2024-01-01 01:50:00,0,"{""ticket"": ""I accidentally deleted an important file yesterday. Is there any way to recover it?""}",Case started,success,TICKET-014_0
TICKET-014,Classify Ticket,classify_ticket,2024-01-01 01:51:00,1,"{""ticket_text"": ""I accidentally deleted an important file yesterday. Is there any way to recover it?""}","{""category"": ""technical"", ""confidence"": 0.7845678901234567, ""urgency"": ""high"", ""requires_account_check"": true}",success,TICKET-014_1
TICKET-014,Check Account Status,check_account_status,2024-01-01 01:52:00,2,"{""customer_id"": ""mike@example.com""}","{""customer_id"": ""mike@example.com"", ""status"": ""active"", ""tier"": ""premium"", ""account_age_days"": 234, ""has_payment_method"": true, ""outstanding_balance"": 0, ""flags"": ""No flags""}",success,TICKET-014_2
TICKET-014,Search Knowledge Base,search_knowledge_base,2024-01-01 01:53:00,3,"{""category"": ""technical"", ""query"": ""recover deleted file restore backup""}","{""found"": true, ""results"": [{""article"": ""Deleted files are kept in the Trash folder for 30 days"", ""relevance"": 0.7934567890123456}, {""article"": ""Premium users have access to 30-day backup history"", ""relevance"": 0.6845678901234567}], ""total_found"": 2, ""note"": ""General recovery information available but no specific recovery process""}",success,TICKET-014_3
TICKET-014,Escalate to Human,escalate_to_human,2024-01-01 01:54:00,4,"{""reason"": ""Customer needs to recover accidentally deleted file from yesterday. Premium tier customer with backup access. While knowledge base mentions backup availability, specific recovery process requires manual assistance from technical team to access and restore from backup history."", ""priority"": ""high""}","{""escalated"": true, ""reason"": ""Customer needs to recover accidentally deleted file from yesterday. Premium tier customer with backup access. While knowledge base mentions backup availability, specific recovery process requires manual assistance from technical team to access and restore from backup history."", ""priority"": ""high"", ""assigned_to"": ""technical_support_5"", ""estimated_response_time"": ""2-4 hours""}",success,TICKET-014_4
TICKET-014,Ticket Closed,case_end,2024-01-01 01:55:00,5,"{""outcome"": ""escalate_to_human""}",escalate_to_human,success,TICKET-014_5
TICKET-015,Ticket Incoming,case_start,2024-01-01 02:00:00,0,"{""ticket"": ""We need to transfer ownership of our company account to a new administrator. How do we do this?""}",Case started,success,TICKET-015_0
TICKET-015,Classify Ticket,classify_ticket,2024-01-01 02:01:00,1,"{""ticket_text"": ""We need to transfer ownership of our company account to a new administrator. How do we do this?""}","{""category"": ""account"", ""confidence"": 0.8567890123456789, ""urgency"": ""normal"", ""requires_account_check"": true}",success,TICKET-015_1
TICKET-015,Check Account Status,check_account_status,2024-01-01 02:02:00,2,"{""customer_id"": ""admin@companyxyz.com""}","{""customer_id"": ""admin@companyxyz.com"", ""status"": ""active"", ""tier"": ""enterprise"", ""account_age_days"": 1456, ""has_payment_method"": true, ""outstanding_balance"": 0, ""flags"": ""No flags"", ""account_type"": ""organization"", ""user_count"": 47, ""is_owner"": true}",success,TICKET-015_2
TICKET-015,Search Knowledge Base,search_knowledge_base,2024-01-01 02:03:00,3,"{""category"": ""account"", ""query"": ""transfer ownership administrator change owner""}","{""found"": true, ""results"": [{""article"": ""Account owners can manage team members from the Admin panel"", ""relevance"": 0.4234567890123456}, {""article"": ""Add or remove administrators in Account Settings"", ""relevance"": 0.3845678901234567}], ""total_found"": 2, ""note"": ""No specific process for ownership transfer found""}",success,TICKET-015_3
TICKET-015,Escalate to Human,escalate_to_human,2024-01-01 02:04:00,4,"{""reason"": ""Enterprise organization account requesting ownership transfer to new administrator. Account has 47 users. Knowledge base covers adding/removing admins but not ownership transfer process. This requires verification of authorization and manual processing by account management team."", ""priority"": ""normal""}","{""escalated"": true, ""reason"": ""Enterprise organization account requesting ownership transfer to new administrator. Account has 47 users. Knowledge base covers adding/removing admins but not ownership transfer process. This requires verification of authorization and manual processing by account management team."", ""priority"": ""normal"", ""assigned_to"": ""account_management_team"", ""estimated_response_time"": ""6-8 hours""}",success,TICKET-015_4
TICKET-015,Ticket Closed,case_end,2024-01-01 02:05:00,5,"{""outcome"": ""escalate_to_human""}",escalate_to_human,success,TICKET-015_5
TICKET-016,Ticket Incoming,case_start,2024-01-01 02:10:00,0,"{""ticket"": ""Your service violated our company's data privacy policy. We need detailed logs of all data access for compliance audit.""}",Case started,success,TICKET-016_0
TICKET-016,Classify Ticket,classify_ticket,2024-01-01 02:11:00,1,"{""ticket_text"": ""Your service violated our company's data privacy policy. We need detailed logs of all data access for compliance audit.""}","{""category"": ""security"", ""confidence"": 0.8234567890123456, ""urgency"": ""high"", ""requires_account_check"": true}",success,TICKET-016_1
TICKET-016,Check Account Status,check_account_status,2024-01-01 02:12:00,2,"{""customer_id"": ""compliance@enterprise.com""}","{""customer_id"": ""compliance@enterprise.com"", ""status"": ""active"", ""tier"": ""enterprise"", ""account_age_days"": 789, ""has_payment_method"": true, ""outstanding_balance"": 0, ""flags"": ""No flags"", ""account_type"": ""organization""}",success,TICKET-016_2
TICKET-016,Search Knowledge Base,search_knowledge_base,2024-01-01 02:13:00,3,"{""category"": ""security"", ""query"": ""data access logs compliance audit privacy GDPR""}","{""found"": true, ""results"": [{""article"": ""We comply with GDPR, CCPA, and SOC 2 standards"", ""relevance"": 0.5123456789012345}, {""article"": ""Enterprise customers can request security documentation"", ""relevance"": 0.4567890123456789}], ""total_found"": 2, ""note"": ""General compliance information available but no self-service access log retrieval""}",success,TICKET-016_3
TICKET-016,Escalate to Human,escalate_to_human,2024-01-01 02:14:00,4,"{""reason"": ""Enterprise customer requesting detailed data access logs for compliance audit citing potential privacy policy violation. This is a sensitive legal/compliance matter requiring immediate attention from security and legal teams. Cannot be handled through automated responses."", ""priority"": ""critical""}","{""escalated"": true, ""reason"": ""Enterprise customer requesting detailed data access logs for compliance audit citing potential privacy policy violation. This is a sensitive legal/compliance matter requiring immediate attention from security and legal teams. Cannot be handled through automated responses."", ""priority"": ""critical"", ""assigned_to"": ""security_compliance_team"", ""estimated_response_time"": ""1 hour""}",success,TICKET-016_4
TICKET-016,Ticket Closed,case_end,2024-01-01 02:15:00,5,"{""outcome"": ""escalate_to_human""}",escalate_to_human,success,TICKET-016_5
TICKET-017,Ticket Incoming,case_start,2024-01-01 02:20:00,0,"{""ticket"": ""I'm getting strange characters displaying in my reports - looks like encoding issues with international characters.""}",Case started,success,TICKET-017_0
TICKET-017,Classify Ticket,classify_ticket,2024-01-01 02:21:00,1,"{""ticket_text"": ""I'm getting strange characters displaying in my reports - looks like encoding issues with international characters.""}","{""category"": ""technical"", ""confidence"": 0.7623456789012345, ""urgency"": ""normal"", ""requires_account_check"": true}",success,TICKET-017_1
TICKET-017,Check Account Status,check_account_status,2024-01-01 02:22:00,2,"{""customer_id"": ""nina@example.com""}","{""customer_id"": ""nina@example.com"", ""status"": ""active"", ""tier"": ""premium"", ""account_age_days"": 412, ""has_payment_method"": true, ""outstanding_balance"": 0, ""flags"": ""No flags""}",success,TICKET-017_2
TICKET-017,Search Knowledge Base,search_knowledge_base,2024-01-01 02:23:00,3,"{""category"": ""technical"", ""query"": ""character encoding international UTF-8 display issues""}","{""found"": true, ""results"": [{""article"": ""Supported file formats and specifications"", ""relevance"": 0.3934567890123456}, {""article"": ""Export reports in PDF, CSV, or Excel format"", ""relevance"": 0.2845678901234567}], ""total_found"": 2, ""note"": ""No relevant articles found for character encoding issues""}",success,TICKET-017_3
TICKET-017,Escalate to Human,escalate_to_human,2024-01-01 02:24:00,4,"{""reason"": ""Customer experiencing character encoding issues with international characters in reports. Knowledge base lacks specific troubleshooting steps for encoding problems. Technical issue requires investigation to determine if it's a browser setting, system configuration, or platform bug."", ""priority"": ""normal""}","{""escalated"": true, ""reason"": ""Customer experiencing character encoding issues with international characters in reports. Knowledge base lacks specific troubleshooting steps for encoding problems. Technical issue requires investigation to determine if it's a browser setting, system configuration, or platform bug."", ""priority"": ""normal"", ""assigned_to"": ""technical_support_7"", ""estimated_response_time"": ""4-6 hours""}",success,TICKET-017_4
TICKET-017,Ticket Closed,case_end,2024-01-01 02:25:00,5,"{""outcome"": ""escalate_to_human""}",escalate_to_human,success,TICKET-017_5
TICKET-018,Ticket Incoming,case_start,2024-01-01 02:30:00,0,"{""ticket"": ""Can I get a bulk discount? We're planning to add 200 more users to our account.""}",Case started,success,TICKET-018_0
TICKET-018,Classify Ticket,classify_ticket,2024-01-01 02:31:00,1,"{""ticket_text"": ""Can I get a bulk discount? We're planning to add 200 more users to our account.""}","{""category"": ""billing"", ""confidence"": 0.8456789012345678, ""urgency"": ""low"", ""requires_account_check"": true}",success,TICKET-018_1
TICKET-018,Check Account Status,check_account_status,2024-01-01 02:32:00,2,"{""customer_id"": ""sales@bigcorp.com""}","{""customer_id"": ""sales@bigcorp.com"", ""status"": ""active"", ""tier"": ""enterprise"", ""account_age_days"": 523, ""has_payment_method"": true, ""outstanding_balance"": 0, ""flags"": ""No flags"", ""account_type"": ""organization"", ""user_count"": 85}",success,TICKET-018_2
TICKET-018,Search Knowledge Base,search_knowledge_base,2024-01-01 02:33:00,3,"{""category"": ""billing"", ""query"": ""bulk discount volume pricing enterprise""}","{""found"": true, ""results"": [{""article"": ""Enterprise plans offer custom pricing for large teams"", ""relevance"": 0.6234567890123456}, {""article"": ""Contact sales for pricing information"", ""relevance"": 0.5845678901234567}], ""total_found"": 2, ""note"": ""General information available but no specific discount details""}",success,TICKET-018_3
TICKET-018,Escalate to Human,escalate_to_human,2024-01-01 02:34:00,4,"{""reason"": ""Enterprise customer requesting bulk discount for adding 200 users (currently has 85 users). This is a significant expansion requiring custom pricing negotiation. Should be routed to sales team for quote preparation."", ""priority"": ""normal""}","{""escalated"": true, ""reason"": ""Enterprise customer requesting bulk discount for adding 200 users (currently has 85 users). This is a significant expansion requiring custom pricing negotiation. Should be routed to sales team for quote preparation."", ""priority"": ""normal"", ""assigned_to"": ""sales_team_lead"", ""estimated_response_time"": ""8-12 hours""}",success,TICKET-018_4
TICKET-018,Ticket Closed,case_end,2024-01-01 02:35:00,5,"{""outcome"": ""escalate_to_human""}",escalate_to_human,success,TICKET-018_5
TICKET-019,Ticket Incoming,case_start,2024-01-01 02:40:00,0,"{""ticket"": ""I can't find the export button in the dashboard. Where is it?""}",Case started,success,TICKET-019_0
TICKET-019,Classify Ticket,classify_ticket,2024-01-01 02:41:00,1,"{""ticket_text"": ""I can't find the export button in the dashboard. Where is it?""}","{""category"": ""technical"", ""confidence"": 0.7845678901234567, ""urgency"": ""normal"", ""requires_account_check"": false}",success,TICKET-019_1
TICKET-019,Check Account Status,check_account_status,2024-01-01 02:42:00,2,"{""customer_id"": ""oliver@example.com""}","{""customer_id"": ""oliver@example.com"", ""status"": ""active"", ""tier"": ""basic"", ""account_age_days"": 12, ""has_payment_method"": true, ""outstanding_balance"": 0, ""flags"": ""No flags""}",success,TICKET-019_2
TICKET-019,Search Knowledge Base,search_knowledge_base,2024-01-01 02:43:00,3,"{""category"": ""technical"", ""query"": ""export button dashboard location""}","{""found"": true, ""results"": [{""article"": ""Click the three-dot menu in the top right corner to access export options"", ""relevance"": 0.7234567890123456}, {""article"": ""Export reports in PDF, CSV, or Excel format"", ""relevance"": 0.5123456789012345}], ""total_found"": 2}",success,TICKET-019_3
TICKET-019,Generate Response,generate_response,2024-01-01 02:44:00,4,"{""message"": ""Hi Oliver,\n\nThe export button can be found by clicking the three-dot menu () in the top right corner of your dashboard. From there, you'll see the export options where you can choose to export in PDF, CSV, or Excel format.\n\nLet me know if you need any further assistance!\n\nBest regards,\nCustomer Support""}","{""message"": ""Hi Oliver,\n\nThe export button can be found by clicking the three-dot menu () in the top right corner of your dashboard. From there, you'll see the export options where you can choose to export in PDF, CSV, or Excel format.\n\nLet me know if you need any further assistance!\n\nBest regards,\nCustomer Support"", ""sent"": true, ""sent_at"": ""2024-11-25T14:44:00"", ""channel"": ""email""}",success,TICKET-019_4
TICKET-019,User Follow-up,user_followup,2024-01-01 02:50:00,5,"{""message"": ""I don't see a three-dot menu anywhere. I'm looking at the main dashboard page. Am I in the wrong place?""}",Follow-up received,success,TICKET-019_5
TICKET-019,Search Knowledge Base,search_knowledge_base,2024-01-01 02:51:00,6,"{""category"": ""technical"", ""query"": ""dashboard navigation main page export""}","{""found"": true, ""results"": [{""article"": ""The dashboard has multiple views: Overview, Analytics, and Reports"", ""relevance"": 0.6345678901234567}, {""article"": ""Export is only available in the Reports view"", ""relevance"": 0.7123456789012345}], ""total_found"": 2}",success,TICKET-019_6
TICKET-019,Generate Response,generate_response,2024-01-01 02:52:00,7,"{""message"": ""Hi Oliver,\n\nAh, I see the issue! The export function is only available in the Reports view, not the main Overview dashboard. \n\nTo access it:\n1. Click on 'Reports' in the left sidebar\n2. Once you're in the Reports view, you'll see the three-dot menu in the top right\n3. Click it to access export options\n\nDoes that help?\n\nBest regards,\nCustomer Support""}","{""message"": ""Hi Oliver,\n\nAh, I see the issue! The export function is only available in the Reports view, not the main Overview dashboard. \n\nTo access it:\n1. Click on 'Reports' in the left sidebar\n2. Once you're in the Reports view, you'll see the three-dot menu in the top right\n3. Click it to access export options\n\nDoes that help?\n\nBest regards,\nCustomer Support"", ""sent"": true, ""sent_at"": ""2024-11-25T14:52:00"", ""channel"": ""email""}",success,TICKET-019_7
TICKET-019,User Follow-up,user_followup,2024-01-01 03:00:00,8,"{""message"": ""I'm in Reports now but I still don't see any three-dot menu. I only see a 'Download' button but when I click it nothing happens. Is my account broken?""}",Follow-up received,success,TICKET-019_8
TICKET-019,Search Knowledge Base,search_knowledge_base,2024-01-01 03:01:00,9,"{""category"": ""technical"", ""query"": ""download button not working export fails basic tier""}","{""found"": true, ""results"": [{""article"": ""Basic tier users have limited export capabilities"", ""relevance"": 0.6823456789012345}, {""article"": ""Enable pop-ups in your browser for downloads to work"", ""relevance"": 0.5934567890123456}], ""total_found"": 2, ""note"": ""Information fragmented across multiple articles""}",success,TICKET-019_9
TICKET-019,Generate Response,generate_response,2024-01-01 03:02:00,10,"{""message"": ""Hi Oliver,\n\nI see you found the Download button - that's the right place! If clicking it doesn't do anything, this could be a browser issue. Please try:\n\n1. Make sure pop-ups are enabled for our site in your browser settings\n2. Try a different browser to see if the issue persists\n3. Check if you have any ad blockers that might be preventing the download\n\nAlso, I noticed you're on our Basic tier. Basic users can export data, but there may be some limitations on file size or format options.\n\nLet me know if this helps!\n\nBest regards,\nCustomer Support""}","{""message"": ""Hi Oliver,\n\nI see you found the Download button - that's the right place! If clicking it doesn't do anything, this could be a browser issue. Please try:\n\n1. Make sure pop-ups are enabled for our site in your browser settings\n2. Try a different browser to see if the issue persists\n3. Check if you have any ad blockers that might be preventing the download\n\nAlso, I noticed you're on our Basic tier. Basic users can export data, but there may be some limitations on file size or format options.\n\nLet me know if this helps!\n\nBest regards,\nCustomer Support"", ""sent"": true, ""sent_at"": ""2024-11-25T15:02:00"", ""channel"": ""email""}",success,TICKET-019_10
TICKET-019,User Follow-up,user_followup,2024-01-01 03:10:00,11,"{""message"": ""I tried all of that. Pop-ups are enabled, tried Chrome and Firefox, disabled ad blocker. Still nothing happens. I really need to export this data for a presentation tomorrow morning!""}",Follow-up received,success,TICKET-019_11
TICKET-019,Search Knowledge Base,search_knowledge_base,2024-01-01 03:11:00,12,"{""category"": ""technical"", ""query"": ""export download fails troubleshooting not working""}","{""found"": true, ""results"": [{""article"": ""Clear browser cache and cookies if experiencing issues"", ""relevance"": 0.4823456789012345}, {""article"": ""Contact support if problems persist"", ""relevance"": 0.5123456789012345}], ""total_found"": 2, ""note"": ""No specific solution for persistent export failures""}",success,TICKET-019_12
TICKET-019,Escalate to Human,escalate_to_human,2024-01-01 03:12:00,13,"{""reason"": ""Customer unable to export data after multiple troubleshooting attempts. Tried different browsers, disabled ad blockers, enabled pop-ups - issue persists. Customer has urgent need (presentation tomorrow). May be account-specific bug or technical issue requiring developer investigation."", ""priority"": ""urgent""}","{""escalated"": true, ""reason"": ""Customer unable to export data after multiple troubleshooting attempts. Tried different browsers, disabled ad blockers, enabled pop-ups - issue persists. Customer has urgent need (presentation tomorrow). May be account-specific bug or technical issue requiring developer investigation."", ""priority"": ""urgent"", ""assigned_to"": ""technical_support_1"", ""estimated_response_time"": ""1-2 hours""}",success,TICKET-019_13
TICKET-019,Ticket Closed,case_end,2024-01-01 03:13:00,14,"{""outcome"": ""escalate_to_human""}",escalate_to_human,success,TICKET-019_14
TICKET-020,Ticket Incoming,case_start,2024-01-01 03:20:00,0,"{""ticket"": ""My team members say they can't access the shared folder I created. Can you help?""}",Case started,success,TICKET-020_0
TICKET-020,Classify Ticket,classify_ticket,2024-01-01 03:21:00,1,"{""ticket_text"": ""My team members say they can't access the shared folder I created. Can you help?""}","{""category"": ""account"", ""confidence"": 0.8234567890123456, ""urgency"": ""normal"", ""requires_account_check"": true}",success,TICKET-020_1
TICKET-020,Check Account Status,check_account_status,2024-01-01 03:22:00,2,"{""customer_id"": ""paula@example.com""}","{""customer_id"": ""paula@example.com"", ""status"": ""active"", ""tier"": ""premium"", ""account_age_days"": 145, ""has_payment_method"": true, ""outstanding_balance"": 0, ""flags"": ""No flags"", ""account_type"": ""organization"", ""user_count"": 8}",success,TICKET-020_2
TICKET-020,Search Knowledge Base,search_knowledge_base,2024-01-01 03:23:00,3,"{""category"": ""account"", ""query"": ""shared folder access permissions team members""}","{""found"": true, ""results"": [{""article"": ""Share folders by clicking the Share icon and entering team member emails"", ""relevance"": 0.7845678901234567}, {""article"": ""Team members need to accept sharing invitations via email"", ""relevance"": 0.6934567890123456}], ""total_found"": 2}",success,TICKET-020_3
TICKET-020,Generate Response,generate_response,2024-01-01 03:24:00,4,"{""message"": ""Hi Paula,\n\nI can help you with that! To share a folder with your team members:\n\n1. Click the Share icon next to the folder\n2. Enter your team members' email addresses\n3. Choose their permission level (view, edit, or admin)\n4. Click 'Send Invitations'\n\nYour team members will receive an email invitation that they need to accept to gain access to the folder. Make sure they check their spam folder if they don't see the invitation.\n\nLet me know if this resolves the issue!\n\nBest regards,\nCustomer Support""}","{""message"": ""Hi Paula,\n\nI can help you with that! To share a folder with your team members:\n\n1. Click the Share icon next to the folder\n2. Enter your team members' email addresses\n3. Choose their permission level (view, edit, or admin)\n4. Click 'Send Invitations'\n\nYour team members will receive an email invitation that they need to accept to gain access to the folder. Make sure they check their spam folder if they don't see the invitation.\n\nLet me know if this resolves the issue!\n\nBest regards,\nCustomer Support"", ""sent"": true, ""sent_at"": ""2024-11-25T15:24:00"", ""channel"": ""email""}",success,TICKET-020_4
TICKET-020,User Follow-up,user_followup,2024-01-01 03:35:00,5,"{""message"": ""I already did all that. They accepted the invitations but when they try to open the folder they get an error message saying 'Access Denied'.""}",Follow-up received,success,TICKET-020_5
TICKET-020,Search Knowledge Base,search_knowledge_base,2024-01-01 03:36:00,6,"{""category"": ""account"", ""query"": ""access denied error shared folder permissions""}","{""found"": true, ""results"": [{""article"": ""Verify that users have the correct permission level assigned"", ""relevance"": 0.6545678901234567}, {""article"": ""Organization admins can manage all folder permissions from the Admin panel"", ""relevance"": 0.5823456789012345}], ""total_found"": 2}",success,TICKET-020_6
TICKET-020,Generate Response,generate_response,2024-01-01 03:37:00,7,"{""message"": ""Hi Paula,\n\nIf they're getting an 'Access Denied' error even after accepting the invitation, let's check the permission settings:\n\n1. Go to the folder and click the Share icon again\n2. Verify that your team members are listed with the correct permissions\n3. Try removing them and re-adding them with the desired permission level\n\nAlternatively, if you're an organization admin, you can check and manage all folder permissions from the Admin panel under Team > Folder Access.\n\nPlease try this and let me know if the issue persists.\n\nBest regards,\nCustomer Support""}","{""message"": ""Hi Paula,\n\nIf they're getting an 'Access Denied' error even after accepting the invitation, let's check the permission settings:\n\n1. Go to the folder and click the Share icon again\n2. Verify that your team members are listed with the correct permissions\n3. Try removing them and re-adding them with the desired permission level\n\nAlternatively, if you're an organization admin, you can check and manage all folder permissions from the Admin panel under Team > Folder Access.\n\nPlease try this and let me know if the issue persists.\n\nBest regards,\nCustomer Support"", ""sent"": true, ""sent_at"": ""2024-11-25T15:37:00"", ""channel"": ""email""}",success,TICKET-020_7
TICKET-020,User Follow-up,user_followup,2024-01-01 03:50:00,8,"{""message"": ""Tried that too. I removed and re-added them. They show up in the permissions list as 'Editor' but still get Access Denied. This is really frustrating - we need to collaborate on this project!""}",Follow-up received,success,TICKET-020_8
TICKET-020,Search Knowledge Base,search_knowledge_base,2024-01-01 03:51:00,9,"{""category"": ""account"", ""query"": ""access denied permissions showing correctly troubleshoot""}","{""found"": true, ""results"": [{""article"": ""Allow up to 15 minutes for permission changes to take effect"", ""relevance"": 0.5634567890123456}, {""article"": ""Users may need to log out and log back in for new permissions to apply"", ""relevance"": 0.6123456789012345}], ""total_found"": 2}",success,TICKET-020_9
TICKET-020,Generate Response,generate_response,2024-01-01 03:52:00,10,"{""message"": ""Hi Paula,\n\nI understand how frustrating this must be. Sometimes permission changes can take up to 15 minutes to fully propagate through the system.\n\nPlease ask your team members to:\n1. Log out of their accounts completely\n2. Wait a few minutes\n3. Log back in\n4. Try accessing the folder again\n\nIf they're still getting the Access Denied error after doing this, there may be a deeper issue that needs investigation.\n\nHas it been more than 15 minutes since you last updated the permissions?\n\nBest regards,\nCustomer Support""}","{""message"": ""Hi Paula,\n\nI understand how frustrating this must be. Sometimes permission changes can take up to 15 minutes to fully propagate through the system.\n\nPlease ask your team members to:\n1. Log out of their accounts completely\n2. Wait a few minutes\n3. Log back in\n4. Try accessing the folder again\n\nIf they're still getting the Access Denied error after doing this, there may be a deeper issue that needs investigation.\n\nHas it been more than 15 minutes since you last updated the permissions?\n\nBest regards,\nCustomer Support"", ""sent"": true, ""sent_at"": ""2024-11-25T15:52:00"", ""channel"": ""email""}",success,TICKET-020_10
TICKET-020,User Follow-up,user_followup,2024-01-01 04:10:00,11,"{""message"": ""Yes, it's been over an hour now. They've all logged out and back in multiple times. Still Access Denied for everyone. Something is definitely broken. Can someone please look into this?""}",Follow-up received,success,TICKET-020_11
TICKET-020,Search Knowledge Base,search_knowledge_base,2024-01-01 04:11:00,12,"{""category"": ""account"", ""query"": ""persistent access denied bug folder sharing""}","{""found"": false, ""results"": [{""article"": ""Contact support if you experience technical difficulties"", ""relevance"": 0.3823456789012345}], ""total_found"": 1, ""note"": ""No specific troubleshooting for persistent permission errors""}",success,TICKET-020_12
TICKET-020,Escalate to Human,escalate_to_human,2024-01-01 04:12:00,13,"{""reason"": ""Persistent folder access permissions issue. Customer has correctly configured sharing, team members accepted invitations, show as Editors in permissions list, but receive Access Denied errors. Issue persists after removing/re-adding users, waiting for propagation, and logging out/in. Requires technical investigation into potential permission system bug or database inconsistency."", ""priority"": ""high""}","{""escalated"": true, ""reason"": ""Persistent folder access permissions issue. Customer has correctly configured sharing, team members accepted invitations, show as Editors in permissions list, but receive Access Denied errors. Issue persists after removing/re-adding users, waiting for propagation, and logging out/in. Requires technical investigation into potential permission system bug or database inconsistency."", ""priority"": ""high"", ""assigned_to"": ""technical_support_4"", ""estimated_response_time"": ""2-3 hours""}",success,TICKET-020_13
TICKET-020,Ticket Closed,case_end,2024-01-01 04:13:00,14,"{""outcome"": ""escalate_to_human""}",escalate_to_human,success,TICKET-020_14
TICKET-021,Ticket Incoming,case_start,2024-01-01 04:20:00,0,"{""ticket"": ""I keep getting logged out every few minutes. It's making it impossible to work.""}",Case started,success,TICKET-021_0
TICKET-021,Classify Ticket,classify_ticket,2024-01-01 04:21:00,1,"{""ticket_text"": ""I keep getting logged out every few minutes. It's making it impossible to work.""}","{""category"": ""technical"", ""confidence"": 0.7934567890123456, ""urgency"": ""high"", ""requires_account_check"": true}",success,TICKET-021_1
TICKET-021,Check Account Status,check_account_status,2024-01-01 04:22:00,2,"{""customer_id"": ""quinn@example.com""}","{""customer_id"": ""quinn@example.com"", ""status"": ""active"", ""tier"": ""premium"", ""account_age_days"": 298, ""has_payment_method"": true, ""outstanding_balance"": 0, ""flags"": ""No flags""}",success,TICKET-021_2
TICKET-021,Search Knowledge Base,search_knowledge_base,2024-01-01 04:23:00,3,"{""category"": ""technical"", ""query"": ""logged out frequently session timeout""}","{""found"": true, ""results"": [{""article"": ""Sessions expire after 24 hours of inactivity for security"", ""relevance"": 0.6734567890123456}, {""article"": ""Enable 'Keep me logged in' option at login for extended sessions"", ""relevance"": 0.7823456789012345}], ""total_found"": 2}",success,TICKET-021_3
TICKET-021,Generate Response,generate_response,2024-01-01 04:24:00,4,"{""message"": ""Hi Quinn,\n\nI'm sorry you're experiencing login issues. For security, sessions do expire after 24 hours of inactivity, but it sounds like you're being logged out much more frequently than that.\n\nTo help prevent frequent logouts, try:\n1. Check the 'Keep me logged in' box when you log in - this extends your session\n2. Make sure your browser is accepting cookies from our site\n3. Clear your browser cache and cookies, then log in again\n\nDoes this help?\n\nBest regards,\nCustomer Support""}","{""message"": ""Hi Quinn,\n\nI'm sorry you're experiencing login issues. For security, sessions do expire after 24 hours of inactivity, but it sounds like you're being logged out much more frequently than that.\n\nTo help prevent frequent logouts, try:\n1. Check the 'Keep me logged in' box when you log in - this extends your session\n2. Make sure your browser is accepting cookies from our site\n3. Clear your browser cache and cookies, then log in again\n\nDoes this help?\n\nBest regards,\nCustomer Support"", ""sent"": true, ""sent_at"": ""2024-11-25T16:24:00"", ""channel"": ""email""}",success,TICKET-021_4
TICKET-021,User Follow-up,user_followup,2024-01-01 04:35:00,5,"{""message"": ""I always have 'Keep me logged in' checked. Cookies are enabled. I cleared cache and cookies and it's still happening - I get logged out after just 5-10 minutes of activity, not inactivity!""}",Follow-up received,success,TICKET-021_5
TICKET-021,Search Knowledge Base,search_knowledge_base,2024-01-01 04:36:00,6,"{""category"": ""technical"", ""query"": ""logged out during activity session drops browser issues""}","{""found"": true, ""results"": [{""article"": ""Disable browser extensions that might interfere with login sessions"", ""relevance"": 0.5945678901234567}, {""article"": ""Try using incognito/private mode to test if extensions are causing issues"", ""relevance"": 0.6234567890123456}], ""total_found"": 2}",success,TICKET-021_6
TICKET-021,Generate Response,generate_response,2024-01-01 04:37:00,7,"{""message"": ""Hi Quinn,\n\nThat's definitely not normal behavior. If you're being logged out during active use, this could be caused by browser extensions interfering with your session.\n\nPlease try:\n1. Open an incognito/private browsing window\n2. Log in to your account there\n3. Work for 15-20 minutes and see if you stay logged in\n\nIf you don't get logged out in incognito mode, the issue is likely a browser extension. Common culprits are:\n- Privacy/security extensions\n- Ad blockers\n- VPN extensions\n\nTry disabling these one by one to find the problematic extension.\n\nLet me know what you find!\n\nBest regards,\nCustomer Support""}","{""message"": ""Hi Quinn,\n\nThat's definitely not normal behavior. If you're being logged out during active use, this could be caused by browser extensions interfering with your session.\n\nPlease try:\n1. Open an incognito/private browsing window\n2. Log in to your account there\n3. Work for 15-20 minutes and see if you stay logged in\n\nIf you don't get logged out in incognito mode, the issue is likely a browser extension. Common culprits are:\n- Privacy/security extensions\n- Ad blockers\n- VPN extensions\n\nTry disabling these one by one to find the problematic extension.\n\nLet me know what you find!\n\nBest regards,\nCustomer Support"", ""sent"": true, ""sent_at"": ""2024-11-25T16:37:00"", ""channel"": ""email""}",success,TICKET-021_7
TICKET-021,User Follow-up,user_followup,2024-01-01 04:55:00,8,"{""message"": ""Tried incognito mode - same problem. Also tried completely different browsers (Chrome, Firefox, Safari) with no extensions. Still getting logged out every few minutes. This started 2 days ago and never happened before.""}",Follow-up received,success,TICKET-021_8
TICKET-021,Search Knowledge Base,search_knowledge_base,2024-01-01 04:56:00,9,"{""category"": ""technical"", ""query"": ""session logout all browsers multiple devices account issue""}","{""found"": true, ""results"": [{""article"": ""You can view active sessions in Account > Security > Active Devices"", ""relevance"": 0.5123456789012345}, {""article"": ""Sign out of all devices from Account > Security if you suspect unauthorized access"", ""relevance"": 0.4834567890123456}], ""total_found"": 2, ""note"": ""Limited information on persistent logout issues""}",success,TICKET-021_9
TICKET-021,Generate Response,generate_response,2024-01-01 04:57:00,10,"{""message"": ""Hi Quinn,\n\nSince this is happening across all browsers and even in incognito mode, and it started suddenly 2 days ago, this points to a potential account-level issue rather than a browser problem.\n\nLet's check for any security issues:\n1. Go to Account > Security > Active Devices\n2. Check if there are any suspicious or unfamiliar devices logged in\n3. If you see anything suspicious, use the 'Sign out of all devices' button\n4. Change your password as a precaution\n\nDoes your Active Devices list show anything unusual?\n\nBest regards,\nCustomer Support""}","{""message"": ""Hi Quinn,\n\nSince this is happening across all browsers and even in incognito mode, and it started suddenly 2 days ago, this points to a potential account-level issue rather than a browser problem.\n\nLet's check for any security issues:\n1. Go to Account > Security > Active Devices\n2. Check if there are any suspicious or unfamiliar devices logged in\n3. If you see anything suspicious, use the 'Sign out of all devices' button\n4. Change your password as a precaution\n\nDoes your Active Devices list show anything unusual?\n\nBest regards,\nCustomer Support"", ""sent"": true, ""sent_at"": ""2024-11-25T16:57:00"", ""channel"": ""email""}",success,TICKET-021_10
TICKET-021,User Follow-up,user_followup,2024-01-01 05:15:00,11,"{""message"": ""Checked Active Devices - only shows my laptop and phone, nothing suspicious. Signed out of all devices and changed my password. STILL getting logged out every few minutes! This is seriously affecting my work. Can you please escalate this?""}",Follow-up received,success,TICKET-021_11
TICKET-021,Search Knowledge Base,search_knowledge_base,2024-01-01 05:16:00,12,"{""category"": ""account"", ""query"": ""persistent logout issue account problem server""}","{""found"": false, ""results"": [{""article"": ""Contact support for account-specific technical issues"", ""relevance"": 0.4123456789012345}], ""total_found"": 1, ""note"": ""No relevant articles for persistent account-level logout issues""}",success,TICKET-021_12
TICKET-021,Escalate to Human,escalate_to_human,2024-01-01 05:17:00,13,"{""reason"": ""Customer experiencing persistent automatic logouts every 5-10 minutes across all browsers and devices. Issue started 2 days ago. Customer has completed all standard troubleshooting: enabled 'Keep me logged in', cleared cache/cookies, tested in incognito mode, tried multiple browsers, checked for suspicious devices, signed out of all devices, changed password. Issue persists. Likely requires backend investigation into session management, potential account corruption, or server-side issue."", ""priority"": ""urgent""}","{""escalated"": true, ""reason"": ""Customer experiencing persistent automatic logouts every 5-10 minutes across all browsers and devices. Issue started 2 days ago. Customer has completed all standard troubleshooting: enabled 'Keep me logged in', cleared cache/cookies, tested in incognito mode, tried multiple browsers, checked for suspicious devices, signed out of all devices, changed password. Issue persists. Likely requires backend investigation into session management, potential account corruption, or server-side issue."", ""priority"": ""urgent"", ""assigned_to"": ""senior_technical_support"", ""estimated_response_time"": ""1 hour""}",success,TICKET-021_13
TICKET-021,Ticket Closed,case_end,2024-01-01 05:18:00,14,"{""outcome"": ""escalate_to_human""}",escalate_to_human,success,TICKET-021_14
TICKET-022,Ticket Incoming,case_start,2024-01-01 05:25:00,0,"{""ticket"": ""The mobile app won't sync with the web version. Changes I make on mobile don't appear on desktop.""}",Case started,success,TICKET-022_0
TICKET-022,Classify Ticket,classify_ticket,2024-01-01 05:26:00,1,"{""ticket_text"": ""The mobile app won't sync with the web version. Changes I make on mobile don't appear on desktop.""}","{""category"": ""technical"", ""confidence"": 0.8445678901234567, ""urgency"": ""normal"", ""requires_account_check"": true}",success,TICKET-022_1
TICKET-022,Check Account Status,check_account_status,2024-01-01 05:27:00,2,"{""customer_id"": ""rachel@example.com""}","{""customer_id"": ""rachel@example.com"", ""status"": ""active"", ""tier"": ""basic"", ""account_age_days"": 67, ""has_payment_method"": true, ""outstanding_balance"": 0, ""flags"": ""No flags""}",success,TICKET-022_2
TICKET-022,Search Knowledge Base,search_knowledge_base,2024-01-01 05:28:00,3,"{""category"": ""technical"", ""query"": ""mobile app sync desktop web version""}","{""found"": true, ""results"": [{""article"": ""Data syncs automatically when you have an internet connection"", ""relevance"": 0.7534567890123456}, {""article"": ""Force sync by pulling down on the main screen in the mobile app"", ""relevance"": 0.8123456789012345}], ""total_found"": 2}",success,TICKET-022_3
TICKET-022,Generate Response,generate_response,2024-01-01 05:29:00,4,"{""message"": ""Hi Rachel,\n\nI can help you with the sync issue. Data should sync automatically between mobile and web when you have an internet connection.\n\nFirst, let's try forcing a manual sync:\n1. Open the mobile app\n2. Go to the main screen\n3. Pull down from the top to refresh and force sync\n4. Wait for the sync to complete (you'll see a checkmark or 'Synced' message)\n5. Check the web version to see if your changes appear\n\nAlso make sure:\n- You're logged into the same account on both mobile and web\n- Your mobile device has a stable internet connection\n\nLet me know if this helps!\n\nBest regards,\nCustomer Support""}","{""message"": ""Hi Rachel,\n\nI can help you with the sync issue. Data should sync automatically between mobile and web when you have an internet connection.\n\nFirst, let's try forcing a manual sync:\n1. Open the mobile app\n2. Go to the main screen\n3. Pull down from the top to refresh and force sync\n4. Wait for the sync to complete (you'll see a checkmark or 'Synced' message)\n5. Check the web version to see if your changes appear\n\nAlso make sure:\n- You're logged into the same account on both mobile and web\n- Your mobile device has a stable internet connection\n\nLet me know if this helps!\n\nBest regards,\nCustomer Support"", ""sent"": true, ""sent_at"": ""2024-11-25T17:29:00"", ""channel"": ""email""}",success,TICKET-022_4
TICKET-022,User Follow-up,user_followup,2024-01-01 05:42:00,5,"{""message"": ""I pulled down to refresh and it shows 'Synced' but my changes still don't appear on web. I'm definitely using the same account on both. Internet connection is fine - I'm on WiFi.""}",Follow-up received,success,TICKET-022_5
TICKET-022,Search Knowledge Base,search_knowledge_base,2024-01-01 05:43:00,6,"{""category"": ""technical"", ""query"": ""sync shows complete but changes not appearing delay""}","{""found"": true, ""results"": [{""article"": ""Sync may take up to 5 minutes to propagate across all devices"", ""relevance"": 0.6845678901234567}, {""article"": ""Refresh the web browser page to see the latest synced data"", ""relevance"": 0.7234567890123456}], ""total_found"": 2}",success,TICKET-022_6
TICKET-022,Generate Response,generate_response,2024-01-01 05:44:00,7,"{""message"": ""Hi Rachel,\n\nSometimes sync can take a few minutes to propagate across all devices. Please try:\n\n1. Wait 5 minutes after seeing the 'Synced' message on mobile\n2. Go to the web version and do a hard refresh:\n   - Windows/Linux: Ctrl + F5\n   - Mac: Cmd + Shift + R\n3. Check if your changes now appear\n\nThe hard refresh ensures you're seeing the latest data from the server rather than cached data.\n\nPlease try this and let me know if your changes show up!\n\nBest regards,\nCustomer Support""}","{""message"": ""Hi Rachel,\n\nSometimes sync can take a few minutes to propagate across all devices. Please try:\n\n1. Wait 5 minutes after seeing the 'Synced' message on mobile\n2. Go to the web version and do a hard refresh:\n   - Windows/Linux: Ctrl + F5\n   - Mac: Cmd + Shift + R\n3. Check if your changes now appear\n\nThe hard refresh ensures you're seeing the latest data from the server rather than cached data.\n\nPlease try this and let me know if your changes show up!\n\nBest regards,\nCustomer Support"", ""sent"": true, ""sent_at"": ""2024-11-25T17:44:00"", ""channel"": ""email""}",success,TICKET-022_7
TICKET-022,User Follow-up,user_followup,2024-01-01 06:00:00,8,"{""message"": ""Waited 10 minutes and did hard refresh multiple times. Still nothing. Interestingly, changes I make on web DO show up on mobile. It's only mobile-to-web that's broken. I've been adding important data on mobile all day and none of it is on web!""}",Follow-up received,success,TICKET-022_8
TICKET-022,Search Knowledge Base,search_knowledge_base,2024-01-01 06:01:00,9,"{""category"": ""technical"", ""query"": ""one-way sync mobile to web not working upload""}","{""found"": true, ""results"": [{""article"": ""Try logging out of the mobile app and logging back in"", ""relevance"": 0.6123456789012345}, {""article"": ""Reinstall the mobile app if sync issues persist"", ""relevance"": 0.5834567890123456}], ""total_found"": 2}",success,TICKET-022_9
TICKET-022,Generate Response,generate_response,2024-01-01 06:02:00,10,"{""message"": ""Hi Rachel,\n\nIt's helpful to know that web-to-mobile sync works but mobile-to-web doesn't - this narrows down the issue. Let's try resetting the mobile app connection:\n\n1. In the mobile app, go to Settings\n2. Tap 'Log Out'\n3. Close the app completely (swipe up from recent apps)\n4. Wait 30 seconds\n5. Reopen the app and log back in\n6. Force a sync by pulling down on the main screen\n\nIf this doesn't work, try reinstalling the mobile app:\n1. Uninstall the app\n2. Restart your phone\n3. Reinstall from the App Store/Play Store\n4. Log in and test\n\nNote: Your data is stored on our servers, so reinstalling won't cause data loss.\n\nPlease try these steps and let me know the result!\n\nBest regards,\nCustomer Support""}","{""message"": ""Hi Rachel,\n\nIt's helpful to know that web-to-mobile sync works but mobile-to-web doesn't - this narrows down the issue. Let's try resetting the mobile app connection:\n\n1. In the mobile app, go to Settings\n2. Tap 'Log Out'\n3. Close the app completely (swipe up from recent apps)\n4. Wait 30 seconds\n5. Reopen the app and log back in\n6. Force a sync by pulling down on the main screen\n\nIf this doesn't work, try reinstalling the mobile app:\n1. Uninstall the app\n2. Restart your phone\n3. Reinstall from the App Store/Play Store\n4. Log in and test\n\nNote: Your data is stored on our servers, so reinstalling won't cause data loss.\n\nPlease try these steps and let me know the result!\n\nBest regards,\nCustomer Support"", ""sent"": true, ""sent_at"": ""2024-11-25T18:02:00"", ""channel"": ""email""}",success,TICKET-022_10
TICKET-022,User Follow-up,user_followup,2024-01-01 06:25:00,11,"{""message"": ""Did both - logged out/in and then completely reinstalled the app. Same issue. Mobile still says 'Synced' but none of today's mobile changes appear on web. I've lost hours of work because of this! What's going on?""}",Follow-up received,success,TICKET-022_11
TICKET-022,Search Knowledge Base,search_knowledge_base,2024-01-01 06:26:00,12,"{""category"": ""technical"", ""query"": ""sync failure persistent data loss mobile upload issue""}","{""found"": false, ""results"": [{""article"": ""Contact support for ongoing technical issues"", ""relevance"": 0.3923456789012345}], ""total_found"": 1, ""note"": ""No specific solutions for persistent one-directional sync failures""}",success,TICKET-022_12
TICKET-022,Escalate to Human,escalate_to_human,2024-01-01 06:27:00,13,"{""reason"": ""Critical one-directional sync failure: mobile-to-web sync not working while web-to-mobile works fine. Customer has lost hours of work data. Troubleshooting completed: forced manual sync, waited for propagation, hard refresh, logged out/in, reinstalled app. App shows 'Synced' status but data not appearing on server. Requires urgent backend investigation - possible upload API failure, database write issue, or account-specific sync bug. Data recovery may be needed."", ""priority"": ""critical""}","{""escalated"": true, ""reason"": ""Critical one-directional sync failure: mobile-to-web sync not working while web-to-mobile works fine. Customer has lost hours of work data. Troubleshooting completed: forced manual sync, waited for propagation, hard refresh, logged out/in, reinstalled app. App shows 'Synced' status but data not appearing on server. Requires urgent backend investigation - possible upload API failure, database write issue, or account-specific sync bug. Data recovery may be needed."", ""priority"": ""critical"", ""assigned_to"": ""mobile_team_lead"", ""estimated_response_time"": ""30 minutes""}",success,TICKET-022_13
TICKET-022,Ticket Closed,case_end,2024-01-01 06:28:00,14,"{""outcome"": ""escalate_to_human""}",escalate_to_human,success,TICKET-022_14